序号,名称,下载地址,,,,,,,,
1,Damage_Numbers_Pro_v4.13,https://wwpe.lanzoub.com/iZlse0bc65sd,,,,,,,,
2,Obi Rope V6.4,https://wwpe.lanzoub.com/iNaSS0bcy8hi,,,,,,,,
3,Odin Inspector and Serializer 3.1.2,https://wwpe.lanzoub.com/iEpCn0bhw8ze,,,,,,,,
4,Playmaker v1.9.5.f3,https://wwpe.lanzoub.com/iEYHn0bhz0qf,,,,,,,,
5,Behavior Designer - Behavior Trees for Everyone v1.7.3,https://wwpe.lanzoub.com/izDW20bk3f3i,,,,,,,,
6,A_Pathfinding_Project_Pro_v4.2.17,https://wwpe.lanzoub.com/iKp1H0bk3zza,,,,,,,,
7,DOTween Pro v1.0.310,https://wwpe.lanzoub.com/iJx4B0bk4lkh,,,,,,,,
8,Dialogue System for Unity v2.2.9,https://wwpe.lanzoub.com/iovbm0bk9d4d,,,,,,,,
9,Quest_Machine_v1.2.26,https://wwpe.lanzoub.com/iJ0Mr0bmxvcf,,,,,,,,
10,Rewired v1.1.43.0,https://wwpe.lanzoub.com/iK2Lj0bmxvra,,,,,,,,
11,ANIMPIC_POLY - Forest Village V1.0,https://wwpe.lanzoub.com/iVOdf0bo3yle,,,,,,,,
12,UModeler_Model_your_World_v2.9.17-1,https://wwpe.lanzoub.com/ih0xs0bo3zhg,,,,,,,,
13,Volumetric Light Beam v1.96,https://wwpe.lanzoub.com/irUum0bo5awd,,,,,,,,
14,EasyRoads3D Pro v3 v3.2.2f1,https://wwpe.lanzoub.com/ihs970bt0lre,,,,,,,,
15,Multiple Keypad System v1.3,https://wwpe.lanzoub.com/ir9Dx0bv52lg,,,,,,,,
16,Dynamic_Bone_v1.3.2,https://wwpe.lanzoub.com/iYEHs0bxhs4j,,,,,,,,
17,Low Poly Ultimate Pack v4.7,https://wwpe.lanzoub.com/iVgz00bxkt0j,,,,,,,,
18,PDF_Renderer v5.31,https://wwpe.lanzoub.com/ixbgP0bz0g6j,,,,,,,,
19,Endless Car Chase Game Template v1.15,https://wwpe.lanzoub.com/iCHrc0bz4gtg,,,,,,,,
20,Prefab World Builder v2.7,https://wwpe.lanzoub.com/inAAa0c04cpe,,,,,,,,
21,Terrain Composer 2 v2.88,https://wwpe.lanzoub.com/iIgjx0c0kvxc,,,,,,,,
22,UI Particle System v1.37,https://wwpe.lanzoub.com/ifzkX0c2dlkj,,,,,,,,
23,World_Composer_v1.85,https://wwpe.lanzoub.com/ivheH0c51qrc,,,,,,,,
24,Magica Cloth v1.12.9,https://wwpe.lanzoub.com/iI3zn0c52yba,,,,,,,,
25,Magic Circles and Shields Vol3 v1.0.1,https://wwpe.lanzoub.com/iyehf0c75scf,,,,,,,,
26,Camera Play 1.3.1,https://wwpe.lanzoub.com/iuKKS0c8pd1a,,,,,,,,
27,Character Editor 4D Megapack v3.6,https://wwpe.lanzoub.com/iJkg60c9ng7i,,,,,,,,
28,Mesh Slicer v2.0.7,https://wwpe.lanzoub.com/i1GKa0cbs1ve,,,,,,,,
29,UPGEN_Lighting_HDRP_v2.0,https://wwpe.lanzoub.com/iJcim0ce0tof,,,,,,,,
30,Obfuscator 3.9.2,https://wwpe.lanzoub.com/iBveh0cg61md,,,,,,,,
31,UFE 2 SOURCE 2.3.0,https://wwpe.lanzoub.com/iLGoZ0cgwi3c,,,,,,,,
32,Sword and Shield Animset Pro 1.18,https://wwpe.lanzoub.com/iJh5S0chv5of,,,,,,,,
33,UMotion Pro - Animation Editor v1.28,https://wwpe.lanzoub.com/iVaCd0clmv4b,,,,,,,,
34,Lowpoly Pack Sci-Fi Station v1.2,https://wwpe.lanzoub.com/itNCt0clmw1e,,,,,,,,
35,Stylized Water 2 v1.1.9,https://wwpe.lanzoub.com/ibWXn0cmnf9c,,,,,,,,
36,UniWebView_4_v4.12.1,https://wwpe.lanzoub.com/iDEfi0cs1agd,,,,,,,,
37,True Shadow - UI Soft Shadow and Glow v1.4.2,https://wwpe.lanzoub.com/iy5xU0cw9x9g,,,,,,,,
38,Loading Screen Studio v1.2.1,https://wwpe.lanzoub.com/ig6QE0d1669g,,,,,,,,
39,Magic Light Probes v1.91,https://wwpe.lanzoub.com/iFmrU0d19e8b,,,,,,,,
40,UGUI MiniMap v2.5.0,https://wwpe.lanzoub.com/i3E560d4298h,,,,,,,,
41,Global_Snow_v6.9.1,https://wwpe.lanzoub.com/iCd7W0d91dxa,,,,,,,,
42,Very Animation v1.2.16,https://wwpe.lanzoub.com/iZs1X0dafj3g,,,,,,,,
43,Transform Tools v1.11,https://wwpe.lanzoub.com/iQEMV0dchfib,,,,,,,,
44,Activation Graph System 1.44,https://wwpe.lanzoub.com/il5Tl0dhy7fc,,,,,,,,
45,Best HTTP2 v2.6.2,https://wwpe.lanzoub.com/idwGU0dtcb8j,,,,,,,,
46,Wire Builder v1.0.2,https://wwpe.lanzoub.com/i6Qc20dv6kja,,,,,,,,
47,TerraWorld - Automated Level Designer v2.30.0,https://wwpe.lanzoub.com/ifigy0dw879a,,,,,,,,
48,Farming Engine v1.11.1,https://wwpe.lanzoub.com/ieo6f0e05yaj,,,,,,,,
49,2D Neon Grids V1.1.0,https://wwpe.lanzoub.com/iTRna0e2z16j,,,,,,,,
50,Play Mode Save v3.7.4,https://wwpe.lanzoub.com/ixSnN0e5awuh,,,,,,,,
51,Brute Force - Snow &amp; Ice Shader v1.2,https://wwpe.lanzoub.com/iRfwT0e8aopc,,,,,,,,
52,Edgar Pro  Procedural Level Generator v2.0.4,https://wwpe.lanzoub.com/ir5s70ea40ji,,,,,,,,
53,InControl v1.8.8,https://wwpe.lanzoub.com/iFK1c0ebh5cf,,,,,,,,
54,Amplify Shader Editor v1.8.9.035,https://wwpe.lanzoub.com/izGuS0ebic5g,,,,,,,,
55,Shapes v4.2.1,https://wwpe.lanzoub.com/iS9tH0ece1li,,,,,,,,
56,Vectrosity 5.6.1,https://wwpe.lanzoub.com/i5ZZs0edesej,,,,,,,,
57,Game Creator 2 v2.6.25,https://wwpe.lanzoub.com/i5kZO0eevioh,,,,,,,,
58,Stats 2 v2.1.4,https://wwpe.lanzoub.com/iQcKi0eh66kj,,,,,,,,
59,MMORPG KIT (2D3DSurvival) v1.78,https://wwpe.lanzoub.com/ihK4F0eh67bg,,,,,,,,
60,Lowpoly Style Ultra Pack v1.21,https://wwpe.lanzoub.com/it0KU0eirn1e,,,,,,,,
61,Component Names v1.0.7,https://wwpe.lanzoub.com/iaz5n0ejq0di,,,,,,,,
62,UModeler v2.9.18,https://wwpe.lanzoub.com/iAxca0ejq23a,,,,,,,,
63,Script Inspector 3  v3.0.33,https://wwpe.lanzoub.com/iDlog0eo8ota,,,,,,,,
64,Turn-Based Strategy Toolkit v1.0.2,https://wwpe.lanzoub.com/iAReV0ep8vti,,,,,,,,
65,Mesh to Terrain v2.4,https://wwpe.lanzoub.com/ivfRn0et6rhe,,,,,,,,
66,Rail Road Objects Pack v2.1,https://wwpe.lanzoub.com/iP7Ck0etqc7e,,,,,,,,
67,Rainbow Folders 2 v2.4.0,https://wwpe.lanzoub.com/iM1L40ettotg,,,,,,,,
68,Beautiful Transitions v5.1.2,https://wwpe.lanzoub.com/ikE030evscub,,,,,,,,
69,Minimalist Bar System v1.0,https://wwpe.lanzoub.com/ivy3O0ezqote,,,,,,,,
70,Terrain Water Erosion v3.0,https://wwpe.lanzoub.com/it6hF0f1lewj,,,,,,,,
71,Terrain Grid System v13.6.1,https://wwpe.lanzoub.com/iNLas0f4bi1a,,,,,,,,
72,Localized Dialogs &amp; Cutscenes (LDC) v6.3,https://wwpe.lanzoub.com/iQBJR0f8u7md,,,,,,,,
73,Paint in 3D v2.0.3,https://wwpe.lanzoub.com/iMYlf0fdtq0j,,,,,,,,
74,MK Glow Bloom &amp; Lens &amp; Glare v4.5.0,https://wwpe.lanzoub.com/id0mo0fj3ung,,,,,,,,
75,Polarith AI Pro Movement with 3D Sensors v1.8,https://wwpe.lanzoub.com/iKMPU0fk4uoj,,,,,,,,
76,Brute Force Grass Shader v1.9,https://wwpe.lanzoub.com/idK4E0flv5yh,,,,,,,,
77,Modular Motion v1.7,https://wwpe.lanzoub.com/iJYoO0fq3ngj,,,,,,,,
78,SmartPoint - Checkpoint and Spawning System - V1.0,https://wwpe.lanzoub.com/iqbZs0frh7gd,,,,,,,,
79,TwinBlades Animset Base v2.0,https://wwpe.lanzoub.com/iHpMP0ftbeza,,,,,,,,
80,Ultimate Screenshot Creator v1.10.1,https://wwpe.lanzoub.com/iYl5s0fx31ve,,,,,,,,
81,Fluid Flow 2 v2.3,https://wwpe.lanzoub.com/i85kW0fz1x3i,,,,,,,,
82,Dark Complete Horror UI v1.2.0,https://wwpe.lanzoub.com/iGP740g2uvxi,,,,,,,,
83,Blackholeshader2D 3D v1.21.1,https://wwpe.lanzoub.com/iAWKd0g578bi,,,,,,,,
84,Mega-Fiers v3.53,https://wwpe.lanzoub.com/i7P7E0g9hr5a,,,,,,,,
85,Drawing Coloring Extra Edition v1.1.2,https://wwpe.lanzoub.com/iR5qe0ghkuxc,,,,,,,,
86,Digable 2D Terrain v1.1.10,https://wwpe.lanzoub.com/i2yWX0gquija,,,,,,,,
87,Debug Log Extensions v1.2.6,https://wwpe.lanzoub.com/iCV8X0gwnbkd,,,,,,,,
88,Mesh Baker v3.34.1,https://wwpe.lanzoub.com/ijzyD0gzti9i,,,,,,,,
89,Stylized Grass Shader v1.3.1,https://wwpe.lanzoub.com/iVgrj0hekdsd,,,,,,,,
90,OneJS v1.3.5,https://wwpe.lanzoub.com/icyl50hlrhqj,,,,,,,,
91,Debugging Essentials v1.18,https://wwpe.lanzoub.com/i0MSJ0hyindg,,,,,,,,
92,Next-Gen Soft-Shadows v2.4.1,https://wwpe.lanzoub.com/ioR690i1c6ra,,,,,,,,
93,Path System v2.0.1,https://wwpe.lanzoub.com/ijU780ibe35c,,,,,,,,
94,Obi Rope v6.5,https://wwpe.lanzoub.com/iKAY80im907c,,,,,,,,
95,Advanced Cable Creator v1.0,https://wwpe.lanzoub.com/iAUua0ink8yj,,,,,,,,
96,Easy Save-The Complete Save Data Serializer System v3.5.2,https://wwpe.lanzoub.com/i4H9y0j3l8na,,,,,,,,
97,Runtime Transform Gizmos v1.3.3,https://wwpe.lanzoub.com/iHJWp0j6oicf,,,,,,,,
98,Modern UI Pack v5.5.8f,https://wwpe.lanzoub.com/iUXI30jaat0j,,,,,,,,
99,Multiple_Graph_And_Chart_UI_Pack V1.2,https://wwpe.lanzoub.com/iyG1v0jbilch,,,,,,,,
100,Activation Graph System v1.44,https://wwpe.lanzoub.com/idTnE0jfhzbi,,,,,,,,
101,Obi Cloth v6.4,https://wwpe.lanzoub.com/ip82v0jftsfc,,,,,,,,
102,VR Panorama 360 PRO Renderer v3.2,https://wwpe.lanzoub.com/ivaog0jmp4ab,,,,,,,,
103,Easy Webp v1.3.0,https://wwpe.lanzoub.com/iLcMC0k3e4na,,,,,,,,
104,Usage Finder v4.16,https://wwpe.lanzoub.com/iMlJ30kdmj3i,,,,,,,,
105,E2Chart v3.0.1,https://wwpe.lanzoub.com/ipPpi0kpeygf,,,,,,,,
106,Character Creator 2D v1.94,https://wwpe.lanzoub.com/iryER0l0ldja,,,,,,,,
107,Character Customization v1.4,https://wwpe.lanzoub.com/iADOI0l77fne,,,,,,,,
108,Eyes Animator v2.0.1,https://wwpe.lanzoub.com/iYrGA0labi1c,,,,,,,,
109,Tail Animator 2.0.6,https://wwpe.lanzoub.com/ijnk50lcz2xe,,,,,,,,
110,UMotion Pro - Animation Editor v1.29p01,https://wwpe.lanzoub.com/iMJE20ltjjcb,,,,,,,,
111,DOTween Pro v1.0.335,https://wwpe.lanzoub.com/inIxl0m20xad,,,,,,,,
112,Grabbit - Editor Physics Transforms v2022.0.5,https://wwpe.lanzoub.com/iHkzN0m4cd6d,,,,,,,,
113,Boing Kit Dynamic Bouncy Bones Grass and More v1.2.39,https://wwpe.lanzoub.com/ipRcX0m8uzqh,,,,,,,,
114,Easy Mobile Pro v2.19.0,https://wwpe.lanzoub.com/ixIcx0mc0tti,,,,,,,,
115,Dialogue System for Unity 2.2.34,https://wwpe.lanzoub.com/iFNwj0mhhs3i,,,,,,,,
116,Ultimate Editor Enhancer v3.7,https://wwpe.lanzoub.com/ipsdF0msbjab,,,,,,,,
117,Agents Navigation v3.1.0,https://wwpe.lanzoub.com/iIS2X0my0xej,,,,,,,,
118,Advanced Locomotion Controller v1.1.0,https://wwpe.lanzoub.com/iIdE60myr2qh,,,,,,,,
119,OmniShade PBR Physically Based Uber Shader v1.2.0,https://wwpe.lanzoub.com/iSDKs0n3tiaj,,,,,,,,
120,Imagy VFX 1.4.5,https://wwpe.lanzoub.com/iqKMO0nirp3c,,,,,,,,
121,Blaze AI Engine v2.3.0,https://wwpe.lanzoub.com/itYLR0nl2iid,,,,,,,,
122,Map Graph v1.22.1,https://wwpe.lanzoub.com/iJ9kz0npqv5g,,,,,,,,
123,MudBun Volumetric VFX &amp; Modeling v1.4.37,https://wwpe.lanzoub.com/i32N60nuebpe,,,,,,,,
124,Mesh Combine Studio 2 v2.997,https://wwpe.lanzoub.com/ieKO30o3jqib,,,,,,,,
125,FMETP STREAM v1.353,https://wwpe.lanzoub.com/iIy7U0o3yhwb,,,,,,,,
126,100 Cinematic Post Processing Profiles v1.0,https://wwpe.lanzoub.com/iVrLq0o43vle,,,,,,,,
127,Collectable item VFX v1.1.0,https://wwpe.lanzoub.com/iH8Nx0o67nja,,,,,,,,
128,Flipbook VFX - URP v1.0.0,https://wwpe.lanzoub.com/iHs880o9nich,,,,,,,,
129,Invector Footstep System v2.0,https://wwpe.lanzoub.com/i0elx0ocpb3g,,,,,,,,
130,Roslyn C# - Runtime Compiler v1.7.3,https://wwpe.lanzoub.com/irS5w0ofdvkj,,,,,,,,
131,DreamOS v2.4.2,https://wwpe.lanzoub.com/in0vl0otdptg,,,,,,,,
132,Frustum Culling v2.0,https://wwpe.lanzoub.com/i5yTC0ow81ub,,,,,,,,
133,Nature – Spawner Pack for “POLYGON Nature” v1.0.3,https://wwpe.lanzoub.com/ihJ4L0ozxcoj,,,,,,,,
134,Inventory Engine v3.0,https://wwpe.lanzoub.com/iI8z00p3hu7i,,,,,,,,
135,Pixel-Perfect Fog Of War 1.4.7,https://wwpe.lanzoub.com/igmL50p6f9vc,,,,,,,,
136,Simple Waypoint System 5.5.1,https://wwpe.lanzoub.com/iV2xn0pawn9a,,,,,,,,
137,NodeCanvas v3.2.6,https://wwpe.lanzoub.com/iuBID0pisf2j,,,,,,,,
138,Curvy Splines 8 v8.4.0,https://wwpe.lanzoub.com/iHlT40pknyzi,,,,,,,,
139,Quirky Series Animals Mega Pack Vol.1 v1.4,https://wwpe.lanzoub.com/i0QtJ0po7v3g,,,,,,,,
140,Rope Minikit v2.0.0,https://wwpe.lanzoub.com/ity1h0ptls3c,,,,,,,,
141,Shift - Complete Sci-Fi UI v2.0.10,https://wwpe.lanzoub.com/iRO6P0pz7hoj,,,,,,,,
142,Magic Lightmap Switcher (Built-In - SRP) v1.1.1,https://wwpe.lanzoub.com/i0nSX0q0zc7g,,,,,,,,
143,Vegetable Market v1.0,https://wwpe.lanzoub.com/iU6dB0q41fmj,,,,,,,,
144,ATART Character Bundle v1.0,https://wwpe.lanzoub.com/iu0W00qctnij,,,,,,,,
145,3D Field of View v1.1,https://wwpe.lanzoub.com/iP1by0qkdokj,,,,,,,,
146,Navmesh Path Draw v1.1.2,https://wwpe.lanzoub.com/irOp70qni3ri,,,,,,,,
147,Rigidbody Target Matching v1.0,https://wwpe.lanzoub.com/iXtzg0qqgesb,,,,,,,,
148,Dynamic Mesh Cutter v1.2.3,https://wwpe.lanzoub.com/iJD2q0qv5dxe,,,,,,,,
149,Simple Touch Control v1.1,https://wwpe.lanzoub.com/izP7i0r0desd,,,,,,,,
150,Exporter for Unreal to Unity 2023 v1.24,https://wwpe.lanzoub.com/iCZGb0r6xukh,,,,,,,,
151,FlowCanvas v3.0.8,https://wwpe.lanzoub.com/iAfUb0rcpd4h,,,,,,,,
152,Blocks Engine 2_v2.8,https://wwpe.lanzoub.com/iSqDC0rmjewf,,,,,,,,
153,Obi Softbody v6.5.1,https://wwpe.lanzoub.com/i4jx50s7on0d,,,,,,,,
154,MicroSplat - Dynamic Snow v3.9.7,https://wwpe.lanzoub.com/ih9oj0slex6d,,,,,,,,
155,IK Plus v0.8,https://wwpe.lanzoub.com/i2Ugq0snnnjc,,,,,,,,
156,Text Animator for Unity v1.3.3,https://wwpe.lanzoub.com/iZ9100st5the,,,,,,,,
157,SensorToolkit 2 v2.4.1,https://wwpe.lanzoub.com/ivp990svqgpc,,,,,,,,
158,Underwater Rendering for Stylized Water 2 Extension v1.0.8,https://wwpe.lanzoub.com/i3ywd0t89avi,,,,,,,,
159,Figma Converter for Unity v2.0.9,https://wwpe.lanzoub.com/i2igP0tav3xc,,,,,,,,
160,MOBA Swordsman - model animations v1.0,https://wwpe.lanzoub.com/ifb1T0th3rwj,,,,,,,,
161,RayFire for Unity v1.5.1,https://pan.baidu.com/s/1Pb-0dUylQzqRnl0Bq7pRvQ?pwd=fpjm,,,,,,,,
162,Feel v3.2,https://pan.baidu.com/s/1YcfyODZobsBH0I-gXh_oOQ?pwd=1n8g,,,,,,,,
163,mfps-2.0-v1.9.2,https://pan.baidu.com/s/1WBU147FAEQPZMOvZ4S8BNg?pwd=ttyb,,,,,,,,
164,Top-Down_Scifi_modular_Environment_v1.1,https://pan.baidu.com/s/1GoiCaF_y6p7pDLUpUbWcFA?pwd=56hk,,,,,,,,
165,2D Art Pack v1.1,https://pan.baidu.com/s/1SOYL4h1sKkJT00pJRxux_A?pwd=jgbd,,,,,,,,
166,Weather Maker V7.3.2,https://pan.baidu.com/s/1XOFBa02LDJdAKkcQ_lEFMA?pwd=8d8k,,,,,,,,
167,Cinematic URP Post-Processing - CUPP v4.3.2,https://pan.baidu.com/s/1ieYoodPPa22yX9vAnjMhSg?pwd=re1g,,,,,,,,
168,Emerald AI 3.0 v3.2.0,https://pan.baidu.com/s/1kuYYIV2kGsD_4nUIN4yFag?pwd=tacr,,,,,,,,
169,Shader_Painter_v1.5.2,https://pan.baidu.com/s/19q9kfzF8RMmf6vEexTIOIw?pwd=4na9,,,,,,,,
170,MicroSplat_Terrain_Collection_v3.9.28,https://pan.baidu.com/s/1hZxn3_ccWg6m6zPJEnRGTg?pwd=iirc,,,,,,,,
171,Easy Build System v6.0.1,https://pan.baidu.com/s/1fNgJxx-3-lx1OKM_2FpNwA?pwd=5quh,,,,,,,,
172,COZY Stylized Weather 2 v2.0.8b,https://pan.baidu.com/s/11FSkSstCYwbeWoX43kV8pA?pwd=h43x,,,,,,,,
173,Broccoli Tree Creator v1.5.9,https://pan.baidu.com/s/1uhvWxTdWxYlSj1La4A-5Eg?pwd=juxy,,,,,,,,
174,EndlessBook v1.11.0,https://pan.baidu.com/s/1hjwk2TC4YeGgeuHCL0IDPA?pwd=gg77,,,,,,,,
175,Easy Build System v6.0.4,https://pan.baidu.com/s/1nfo1YCKel760tLS5Mg00zw?pwd=5hmh,,,,,,,,
176,TopDown Engine v3.1.1,https://pan.baidu.com/s/1IVwYBDQylfYC6Opw-0RC_Q?pwd=k8zs,,,,,,,,
177,Hurricane VR - Physics Interaction Toolkit v2.9.1ee,https://pan.baidu.com/s/1vuedcgrGlTtBLUYz7gZ9Sw?pwd=vcbt,,,,,,,,
178,Universal Vehicle Controller v1.5.31,https://pan.baidu.com/s/1urnDqIDstnjVfzS2PQr2Sw?pwd=rcc5,,,,,,,,
179,Task Atlas v3.1.0,https://pan.baidu.com/s/1JzSeulFi1w-NqI_UzxC_yQ?pwd=6m4t,,,,,,,,
180,Corgi Engine - 2D 25D Platformer v8.2,https://pan.baidu.com/s/1233Ctl-htNkrKKnSIuABug?pwd=h66c,,,,,,,,
181,Sword_Animset_Pro_v1.0,https://pan.baidu.com/s/1F917KAw2J--tKKDP6vG43Q?pwd=n70d,,,,,,,,
182,Multiplayer with Visual Scripting v1.1,https://wwpe.lanzoub.com/ioBmD0tnyiyj,,,,,,,,
183,File Browser PRO v2023.1.0,https://wwpe.lanzoub.com/iGUpO0tqq5na,,,,,,,,
184,Ivy Studio - Procedural vine generation v1.1.2,https://wwpe.lanzoub.com/iAmNk0tt4p3g,,,,,,,,
185,Turbo Builder PRO v2023.1.0,https://wwpe.lanzoub.com/i35810ty7geb,,,,,,,,
186,Mobile Tools Complete Game v1.4.29,https://wwpe.lanzoub.com/impmG0u1jb6d,,,,,,,,
187,Trails FX v3.1,https://wwpe.lanzoub.com/i6iBa0ummlab,,,,,,,,
188,Damage FX v1.3,https://wwpe.lanzoub.com/ibKZJ0uq6hqb,,,,,,,,
189,Build Report Tool v3.10.1,https://wwpe.lanzoub.com/iuEFy0usvt3c,,,,,,,,
190,Odin Inspector and Serializer 3.1.12.2,https://wwpe.lanzoub.com/iaQLl0uzgkgd,,,,,,,,
191,Dialogue System for Unity 2.2.36,https://wwpe.lanzoub.com/iCEF40v1nd4d,,,,,,,,
192,Flexalon 3D Layouts v3.2.0,https://wwpe.lanzoub.com/iHsvz0v4z2ve,,,,,,,,
193,EnhancedScroller v2.36.0,https://wwpe.lanzoub.com/iem0C0vvhsgj,,,,,,,,
194,VR Interaction Framework v2.0.0,https://pan.baidu.com/s/1t0Y0q1xP_A5ypXag1LCEoQ?pwd=jf8q,,,,,,,,
195,Editor Console Pro v3.972,https://wwpe.lanzoub.com/ivKyB0wdkd5e,,,,,,,,
196,DinoFracture - A Dynamic Fracture Library v2.5.0,https://wwpe.lanzoub.com/i0ggE0wgh57i,,,,,,,,
197,Advanced Spawn System For FSM AI And Invector Item v4.9,https://wwpe.lanzoub.com/iPIgy0wjw42f,,,,,,,,
198,Real Size Measure and Resize with Real World Units v1.0.2,https://wwpe.lanzoub.com/i6f6s0ww49ha,,,,,,,,
199,Obfuscator v3.10.0,https://wwpe.lanzoub.com/iqXwF0x04ytg,,,,,,,,
200,Save System for Opsive Character Controllers v2.0.1,https://wwpe.lanzoub.com/i0efF0x3cy5i,,,,,,,,
201,Init(args) v1.2.0,https://wwpe.lanzoub.com/iNMrD0xaxjkb,,,,,,,,
202,GUI Kit Dark Geo V2.0.0,https://wwpe.lanzoub.com/ija8a0xko7ni,,,,,,,,
203,ReIconed2 for ReWired v2.4,https://wwpe.lanzoub.com/inAG50xs81ef,,,,,,,,
204,Resize Pro v2023.3,https://wwpe.lanzouj.com/iE4FZ0xyseoj,,,,,,,,
205,FlowReactor - High level visual scripting v2.0.3,https://wwpe.lanzouj.com/iGrYr0ya9opi,,,,,,,,
206,AnyPortrait v1.4.4,https://wwpe.lanzoub.com/i09cD0yl61ha,,,,,,,,
207,PuppetMaster v1.2,https://wwpe.lanzoub.com/iiHsD0yqhvwb,,,,,,,,
208,Arcade Vehicle Ai v1.0,https://wwpe.lanzoub.com/iCBle0z3xsza,,,,,,,,
209,Universal Device Preview v1.11.4,https://wwpe.lanzoub.com/is4tn0z8z71c,,,,,,,,
210,Match Up v3.11,https://wwpe.lanzoub.com/i6nBc0zhuz3g,,,,,,,,
211,Roguelike Generator Pro Rulebased Procedural Level Generation v2.1.0,https://wwpe.lanzoub.com/iJEna107ojqd,,,,,,,,
212,Odin Inspector and Serializer v3.1.13,https://wwpe.lanzoub.com/iicA310ix60j,,,,,,,,
213,Amplify Shader Editor v1.9.16,https://wwpe.lanzoub.com/iqTS010px63e,,,,,,,,
214,Blocks Engine 2 v2.12.1,https://wwpe.lanzoub.com/iYlgD11haruh,,,,,,,,
215,Asset Inventory v1.10.1,https://wwpe.lanzoub.com/iwK4o11k9p5c,,,,,,,,
216,Spark AI - GPT Dialogue Tools v2.3.1,https://wwpe.lanzoub.com/iKrQW11t2pgf,,,,,,,,
217,Altos Sky Clouds v6.1.4,https://pan.baidu.com/s/1ezRhOpAapWZx0438AOOwaA?pwd=txdi,,,,,,,,
218,FPS Framework v1.64,https://wwpe.lanzoub.com/igit212kilng,,,,,,,,
219,Motion Path Animation Editor v2.2.1,https://wwpe.lanzoub.com/idico12r2oxa,,,,,,,,
220,Dynamic Mesh Cutter v1.2.4,https://wwpe.lanzoub.com/iEw1R12ze0jc,,,,,,,,
221,Auto Hand - VR Physics Interaction v3.2,https://wwpe.lanzoub.com/iMK6C132t90f,,,,,,,,
222,TEXDraw v6.1.0,https://wwpe.lanzoub.com/i3zNi13c1y2j,,,,,,,,
223,Mesh Baker v3.34.3,https://wwpe.lanzoub.com/iG5GO13idgvi,,,,,,,,
224,Best HTTP 2 v2.8.3,https://wwpe.lanzoub.com/iYljg13rrxeb,,,,,,,,
225,Magica Cloth 2 v2.1.8,https://wwpe.lanzoub.com/iVpqj141h7sj,,,,,,,,
226,MBS - Modular Building System v0.2,https://pan.baidu.com/s/1baURxs3jCV5BboedEJtWzg?pwd=qu4f,,,,,,,,
227,RPG Builder v2.0.7.1,https://pan.baidu.com/s/1L5u-xIn94HQKb6qCgaJRsQ?pwd=7uc5,,,,,,,,
228,RPG Editor ORK Framework 3 v3.15.2,https://wwpe.lanzoub.com/iLwhR14cpqxc,,,,,,,,
229,Compass Navigator Pro v8.8,https://wwpe.lanzoub.com/iRucW14oi4jg,,,,,,,,
230,File Browser PRO v2023.2.3,https://wwpe.lanzoub.com/ieqfP14uruzi,,,,,,,,
,,,,,,,,,,
,,,,,,,,,,
,,,,,,,,,,
,,,,,,,,,,
